"Date","Description","Institution","Account","Category","Is Hidden","Is Pending","Amount"
"11/10/2025","MCDONALDS ROCHESTER MN","Discover Credit Card - via Direct Web Access","3549","Fast Food & Convenience","No","No","($7.64)"
"11/10/2025","CASHBACK BONUS REDEMPTION CRDT","Discover Credit Card - via Direct Web Access","3549","Income","No","No","$16.27"
"11/10/2025","CUB FOODS INC","Capital One","Quicksilver","Groceries","No","No","($25.88)"
"11/10/2025","ETHAN GATES ETHAN GATES","Online Access - via Direct Web Access","Checking Account","Income","No","Yes","$950"
"11/8/2025","DAIRY QUEEN","Capital One","Quicksilver","Fast Food & Convenience","No","No","($9.2)"
"11/7/2025","AMEX SEND ADD MONEY","American Express - Amex Account - via Direct Web Access","Blue Cash Everyday","Groceries","No","No","($195)"
"11/7/2025","TESLA SERVICE US","Discover Credit Card - via Direct Web Access","3549","Auto Service","No","No","($950.1)"
"11/7/2025","MARY BRIGH PARKING","Capital One","Quicksilver","Parking","No","No","($8)"
"11/7/2025","MN MC MARY BRIGH PHARM","Capital One","Quicksilver","Pharmacy","No","No","($1.36)"
"11/6/2025","GGLPAY CHICKFILA ROCHESTER MN","American Express - Amex Account - via Direct Web Access","Blue Cash Everyday","Fast Food & Convenience","No","No","($16.18)"
"11/6/2025","MONEY LINE RECEIVED EFT FUNDS RECEIVED WEB","Fidelity Investments","Growth Portfolio","Excluded","No","No","$500"
"11/6/2025","FID BKG SVC LLC MONEYLINE","Online Access - via Direct Web Access","Checking Account","Excluded","No","No","($500)"
"11/5/2025","FID BKG SVC LLC MONEYLINE","Online Access - via Direct Web Access","Checking Account","Excluded","No","No","($400)"
"11/5/2025","FID BKG SVC LLC MONEYLINE","Online Access - via Direct Web Access","Checking Account","Excluded","No","No","($25)"
"11/5/2025","MONEY LINE RECEIVED EFT FUNDS RECEIVED WEB","Fidelity Investments","Index Portfolio","Excluded","No","No","$25"
"11/5/2025","MONEY LINE RECEIVED EFT FUNDS RECEIVED WEB","Fidelity Investments","Growth Portfolio","Excluded","No","No","$400"
"11/4/2025","GOOGLE GOOGLE ONE CA","Discover Credit Card - via Direct Web Access","3549","Electronics & Software","No","No","($9.99)"
"11/4/2025","DIRECTPAY FULL BALANCE","Discover Credit Card - via Direct Web Access","3549","Excluded","No","No","$245.48"
"11/4/2025","LILSON HEALTH TE BILL.COM ETHAN GATES","Online Access - via Direct Web Access","Checking Account","Income","No","No","$2000"
"11/4/2025","CASH AUTO REDEMPTION","Capital One","Quicksilver","Auto Service","No","No","$25"
"11/3/2025","TAQUITOS","American Express - Amex Account - via Direct Web Access","Blue Cash Everyday","Food","No","No","($3.39)"
"11/3/2025","PWP PATREON ME PRIVACYCOM ETHAN GATES","Online Access - via Direct Web Access","Checking Account","Business","No","No","($10.74)"
"11/3/2025","VENMO PAYMENT","Online Access - via Direct Web Access","Checking Account","Excluded","No","No","($10)"
"11/3/2025","MAVERIK","Capital One","Quicksilver","Fast Food & Convenience","No","No","($13.36)"
"11/3/2025","KWIK TRIP","Capital One","Quicksilver","Gas & Fuel","No","No","($15.61)"
"11/3/2025","PY PIZZA RANCH AMES","Capital One","Quicksilver","Restaurants/Dining","No","No","($18.62)"
"11/3/2025","MAVERIK","Capital One","Quicksilver","Fast Food & Convenience","No","No","($5.27)"
"11/3/2025","MAVERIK","Capital One","Quicksilver","Fast Food & Convenience","No","No","($8.45)"
"11/2/2025","MCDONALDS ROCHESTER MN","Discover Credit Card - via Direct Web Access","3549","Fast Food & Convenience","No","No","($9.18)"
"11/1/2025","GGLPAY COURTESY OF BONALASKA WI","American Express - Amex Account - via Direct Web Access","Blue Cash Everyday","Restaurants/Dining","No","No","($6.37)"
"11/1/2025","PAYPAL DOORDASH CA","American Express - Amex Account - via Direct Web Access","Blue Cash Everyday","Online Payment","No","No","($1)"
"11/1/2025","PAYPAL DOORDASH CA","American Express - Amex Account - via Direct Web Access","Blue Cash Everyday","Online Payment","No","No","($27.72)"
"11/1/2025","GGLPAY CHICKFILA AMES IA","American Express - Amex Account - via Direct Web Access","Blue Cash Everyday","Fast Food & Convenience","No","No","($12.1)"
"11/1/2025","MCDONALDS ROCHESTER MN","Discover Credit Card - via Direct Web Access","3549","Fast Food & Convenience","No","No","($6.37)"
"11/1/2025","GOOGLE CLOUD G.CO HELPPAY CA","Discover Credit Card - via Direct Web Access","3549","Electronics & Software","No","No","($0.51)"
"10/31/2025","KWIK STAR","Capital One","Quicksilver","Fast Food & Convenience","No","No","($9.75)"
"10/30/2025","GOOGLE FI","Capital One","Quicksilver","Phone, Internet & Cable","No","No","($37)"
"10/30/2025","MONEY LINE RECEIVED EFT FUNDS RECEIVED WEB","Fidelity Investments","Growth Portfolio","Excluded","No","No","$500"
"10/30/2025","TRAILS TA TRAVEL CE","Capital One","Quicksilver","Gas & Fuel","No","No","($8.07)"
"10/30/2025","GOOGLE FI","Capital One","Quicksilver","Excluded","No","No","($74.84)"
"10/30/2025","FID BKG SVC LLC MONEYLINE","Online Access - via Direct Web Access","Checking Account","Excluded","No","No","($500)"
"10/29/2025","AUDIBLE AMZN.COM BILLNJ","Discover Credit Card - via Direct Web Access","3549","Books","No","No","($16.16)"
"10/29/2025","MONEY LINE RECEIVED EFT FUNDS RECEIVED WEB","Fidelity Investments","Index Portfolio","Excluded","No","No","$25"
"10/29/2025","WM SUPERCENTER","Capital One","Quicksilver","Shopping","No","No","($55.47)"
"10/29/2025","FID BKG SVC LLC MONEYLINE","Online Access - via Direct Web Access","Checking Account","Excluded","No","No","($25)"
"10/27/2025","CHICKFILA MN","Discover Credit Card - via Direct Web Access","3549","Fast Food & Convenience","No","No","($8.48)"
"10/27/2025","VENMO PAYMENT","Online Access - via Direct Web Access","Checking Account","Excluded","No","No","($22)"
"10/27/2025","FID BKG SVC LLC MONEYLINE","Online Access - via Direct Web Access","Checking Account","Excluded","No","No","($42)"
"10/27/2025","VENMO PAYMENT","Online Access - via Direct Web Access","Checking Account","Excluded","No","No","($12)"
"10/27/2025","PWP NYTIMES DIS PRIVACYCOM ETHAN GATES","Online Access - via Direct Web Access","Checking Account","Restaurants/Dining","No","No","($4.03)"
"10/26/2025","MCDONALDS ROCHESTER MN","Discover Credit Card - via Direct Web Access","3549","Fast Food & Convenience","No","No","($6.49)"
"10/22/2025","MONEY LINE RECEIVED EFT FUNDS RECEIVED WEB","Fidelity Investments","Index Portfolio","Excluded","No","No","$10"
"10/22/2025","PWP ABC PLANET PRIVACYCOM ETHAN GATES","Online Access - via Direct Web Access","Checking Account","Clothing","No","No","($10.81)"
"10/22/2025","FID BKG SVC LLC MONEYLINE","Online Access - via Direct Web Access","Checking Account","Excluded","No","No","($10)"
"10/21/2025","LIME RIDES QBSJ CA","Discover Credit Card - via Direct Web Access","3549","Restaurants/Dining","No","No","($16.62)"
"10/21/2025","KWIK TRIP","Capital One","Quicksilver","Fast Food & Convenience","No","No","($3.78)"
"10/21/2025","ALDI","Capital One","Quicksilver","Groceries","No","No","($9.92)"
"10/21/2025","MN DEPT OF REVEN MN REV PAY","Ally","Savings Account","State Tax","No","No","($70)"
"10/20/2025","MCDONALDS ZUMBROTA MN","Discover Credit Card - via Direct Web Access","3549","Fast Food & Convenience","No","No","($6.44)"
"10/20/2025","CHICKFILA MN","Discover Credit Card - via Direct Web Access","3549","Fast Food & Convenience","No","No","($10.49)"
"10/20/2025","PHONE BILL","Online Access - via Direct Web Access","Checking Account","Excluded","No","No","$60"
"10/20/2025","WAHLBURGERS BLOOMINGTO","Capital One","Quicksilver","Fast Food & Convenience","No","No","($17.6)"
"10/20/2025","IRS USATAXPYMT","Ally","Savings Account","Federal Tax","No","No","($640)"
"10/18/2025","INTEREST PAID","Ally","Savings Account","Interest Income","No","No","$5.7"
"10/16/2025","PANERA BREAD K EDINA MN","Discover Credit Card - via Direct Web Access","3549","Fast Food & Convenience","No","No","($16.67)"
"10/16/2025","KWIK TRIP ROCHESTER MN","Discover Credit Card - via Direct Web Access","3549","Gas & Fuel","No","No","($7.75)"
"10/16/2025","SANTANDER BILLPAY ETHAN GATES","Online Access - via Direct Web Access","Checking Account","Auto & Transport","No","No","($472.4)"
"10/15/2025","KWIK TRIP ROCHESTER MN","Discover Credit Card - via Direct Web Access","3549","Gas & Fuel","No","No","($8.38)"
"10/15/2025","MONEY LINE RECEIVED EFT FUNDS RECEIVED WEB","Fidelity Investments","Growth Portfolio","Excluded","No","No","$800"
"10/15/2025","MONEY LINE RECEIVED EFT FUNDS RECEIVED WEB","Fidelity Investments","Index Portfolio","Excluded","No","No","$10"
"10/15/2025","LILSON HEALTH TE BILL.COM ETHAN GATES","Online Access - via Direct Web Access","Checking Account","Income","No","No","$2000"
"10/15/2025","FID BKG SVC LLC MONEYLINE","Online Access - via Direct Web Access","Checking Account","Excluded","No","No","($10)"
"10/15/2025","FID BKG SVC LLC MONEYLINE","Online Access - via Direct Web Access","Checking Account","Excluded","No","No","($800)"
"10/10/2025","MCDONALDS ROCHESTER MN","Discover Credit Card - via Direct Web Access","3549","Fast Food & Convenience","No","No","($6.49)"
"10/10/2025","TESLA SUPERCHARGER US TESLA.COM CA","Discover Credit Card - via Direct Web Access","3549","Auto Service","No","No","($3.76)"
"10/10/2025","TESLA SUPERCHARGER US TESLA.COM CA","Discover Credit Card - via Direct Web Access","3549","Auto Service","No","No","($0.73)"
"10/9/2025","GGLPAY CHICKFILA ROCHESTER MN","American Express - Amex Account - via Direct Web Access","Blue Cash Everyday","Fast Food & Convenience","No","No","($14.2)"
"10/9/2025","HYVEE FOODS ROCHESTER MN","American Express - Amex Account - via Direct Web Access","Blue Cash Everyday","Groceries","No","No","($3.23)"
"10/8/2025","MONEY LINE RECEIVED EFT FUNDS RECEIVED WEB","Fidelity Investments","Index Portfolio","Excluded","No","No","$10"
"10/8/2025","VENMO PAYMENT","Online Access - via Direct Web Access","Checking Account","Excluded","No","No","($125)"
"10/8/2025","FID BKG SVC LLC MONEYLINE","Online Access - via Direct Web Access","Checking Account","Excluded","No","No","($10)"
"10/7/2025","GGLPAY CUB FOODS ROCHESTER MN","American Express - Amex Account - via Direct Web Access","Blue Cash Everyday","Groceries","No","No","($22.22)"
"10/6/2025","PAYPAL MPAG KO","American Express - Amex Account - via Direct Web Access","Blue Cash Everyday","Online Payment","No","No","($3)"
"10/4/2025","HOLIDAY STATIONS","Capital One","Quicksilver","Gas & Fuel","No","No","($8.99)"
"10/4/2025","GOOGLE GOOGLE ONE CA","Discover Credit Card - via Direct Web Access","3549","Electronics & Software","No","No","($9.99)"
"10/4/2025","DIRECTPAY FULL BALANCE","Discover Credit Card - via Direct Web Access","3549","Excluded","No","No","$105.09"
"10/3/2025","GOOGLE HINGE DATING A CA","Discover Credit Card - via Direct Web Access","3549","Electronics & Software","No","No","($108.11)"
"10/2/2025","PWP PATREON ME PRIVACYCOM","Online Access - via Direct Web Access","Checking Account","Business","No","No","($10.74)"
"10/2/2025","PWP PRIVACY.COM","Online Access - via Direct Web Access","Checking Account","Entertainment","No","No","($6.65)"
"10/2/2025","SANTANDER BILLPAY ETHAN GATES","Online Access - via Direct Web Access","Checking Account","Auto & Transport","No","No","($472.4)"
"10/1/2025","GOOGLE CLOUD JRZWSF G.CO HELPPAY CA","Discover Credit Card - via Direct Web Access","3549","Electronics & Software","No","No","($0.51)"
"10/1/2025","MONEY LINE RECEIVED EFT FUNDS RECEIVED WEB","Fidelity Investments","Index Portfolio","Excluded","No","No","$10"
"10/1/2025","MONEY LINE RECEIVED EFT FUNDS RECEIVED WEB","Fidelity Investments","Growth Portfolio","Excluded","No","No","$500"
"10/1/2025","FID BKG SVC LLC MONEYLINE","Online Access - via Direct Web Access","Checking Account","Excluded","No","No","($10)"
"10/1/2025","LILSON HEALTH TE BILL.COM ETHAN GATES","Online Access - via Direct Web Access","Checking Account","Income","No","No","$2000"
"10/1/2025","FID BKG SVC LLC MONEYLINE","Online Access - via Direct Web Access","Checking Account","Excluded","No","No","($500)"
"9/30/2025","PHONE BILL","Capital One","Quicksilver","Phone, Internet & Cable","No","No","($111.56)"
"9/29/2025","CHICKFILA MN","Discover Credit Card - via Direct Web Access","3549","Fast Food & Convenience","No","No","($15.1)"
"9/29/2025","PWP NYTIMES DIS PRIVACYCOM","Online Access - via Direct Web Access","Checking Account","Subscriptions","No","No","($4.03)"
"9/29/2025","VENMO PAYMENT","Online Access - via Direct Web Access","Checking Account","Excluded","No","No","($32)"
"9/27/2025","GGLPAY HYVEE FOODS ROCHESTER MN","American Express - Amex Account - via Direct Web Access","Blue Cash Everyday","Groceries","No","No","($2.7)"
"9/26/2025","CHICKFILA MN","Discover Credit Card - via Direct Web Access","3549","Fast Food & Convenience","No","No","($4.16)"
"9/26/2025","FID BKG SVC LLC MONEYLINE","Online Access - via Direct Web Access","Checking Account","Excluded","No","No","($42)"
"9/25/2025","CUB FOODS INC","Capital One","Quicksilver","Groceries","No","No","($10)"
"9/24/2025","CHICKFILA MN","Discover Credit Card - via Direct Web Access","3549","Fast Food & Convenience","No","No","($10.48)"
"9/24/2025","OPENAI CA","Discover Credit Card - via Direct Web Access","3549","Personal Care","No","No","($10)"
"9/24/2025","MONEY LINE RECEIVED EFT FUNDS RECEIVED WEB","Fidelity Investments","Index Portfolio","Excluded","No","No","$10"
"9/24/2025","FID BKG SVC LLC MONEYLINE","Online Access - via Direct Web Access","Checking Account","Excluded","No","No","($10)"
"9/22/2025","SUBWAY ROCHESTER MN","Discover Credit Card - via Direct Web Access","3549","Fast Food & Convenience","No","No","($18.13)"
"9/22/2025","MONEY LINE RECEIVED EFT FUNDS RECEIVED WEB","Fidelity Investments","Growth Portfolio","Excluded","No","No","$200"
"9/22/2025","CUB FOODS INC","Capital One","Quicksilver","Groceries","No","No","($9.7)"
"9/22/2025","FID BKG SVC LLC MONEYLINE","Online Access - via Direct Web Access","Checking Account","Excluded","No","No","($200)"
"9/22/2025","CONSUMER DIR DEP ETHAN GATES","Online Access - via Direct Web Access","Checking Account","Income","No","No","$355.55"
"9/22/2025","VENMO PAYMENT","Online Access - via Direct Web Access","Checking Account","Excluded","No","No","($40)"
"9/19/2025","CHICKFILA MN","Discover Credit Card - via Direct Web Access","3549","Fast Food & Convenience","No","No","($10.26)"
"9/19/2025","PHONE BILL","Online Access - via Direct Web Access","Checking Account","Phone, Internet & Cable","No","No","$60"
"9/18/2025","INTEREST PAID","Ally","Savings Account","Interest Income","No","No","$4.34"
"9/18/2025","PWP ABC PLANET PRIVACYCOM","Online Access - via Direct Web Access","Checking Account","Gym","No","No","($10.81)"
"9/17/2025","AMEX SEND ADD MONEY","American Express - Amex Account - via Direct Web Access","Blue Cash Everyday","Excluded","No","No","($173)"
"9/17/2025","SANTANDER BILLPAY ETHAN GATES","Online Access - via Direct Web Access","Checking Account","Auto & Transport","No","No","($472.4)"
"9/17/2025","IRS USATAXPYMT ETHAN T GATES","Online Access - via Direct Web Access","Checking Account","Federal Tax","No","No","($700)"
"9/17/2025","MN DEPT OF REVEN MN REV PAY ETHAN T GATES","Online Access - via Direct Web Access","Checking Account","State Tax","No","No","($100)"
"9/17/2025","ETHAN GATES ETHAN GATES","Online Access - via Direct Web Access","Checking Account","Income","No","No","$800"
"9/17/2025","FID BKG SVC LLC MONEYLINE","Online Access - via Direct Web Access","Checking Account","Excluded","No","No","($10)"
"9/17/2025","MONEY LINE RECEIVED EFT FUNDS RECEIVED WEB","Fidelity Investments","Index Portfolio","Excluded","No","No","$10"
"9/16/2025","FID BKG SVC LLC MONEYLINE","Online Access - via Direct Web Access","Checking Account","Excluded","No","No","($400)"
"9/16/2025","MONEY LINE RECEIVED EFT FUNDS RECEIVED WEB","Fidelity Investments","Growth Portfolio","Excluded","No","No","$400"
"9/16/2025","CUB FOODS INC","Capital One","Quicksilver","Groceries","No","No","($18.34)"
"9/15/2025","VENMO PAYMENT","Online Access - via Direct Web Access","Checking Account","Excluded","No","No","($20)"
"9/15/2025","VENMO PAYMENT","Online Access - via Direct Web Access","Checking Account","Excluded","No","No","($14)"
"9/15/2025","LILSON HEALTH TE BILL.COM ETHAN GATES","Online Access - via Direct Web Access","Checking Account","Income","No","No","$2000"
"9/15/2025","MCDONALDS","Capital One","Quicksilver","Fast Food & Convenience","No","No","($7.72)"
"9/15/2025","TARGET","Capital One","Quicksilver","Shopping","No","No","($8.25)"
"9/15/2025","MARSHALLS","Capital One","Quicksilver","Clothing","No","No","($134.92)"
"9/15/2025","RAISING CANES","Capital One","Quicksilver","Fast Food & Convenience","No","No","($13.07)"
"9/15/2025","CASEYS","Capital One","Quicksilver","Fast Food & Convenience","No","No","($2.19)"
"9/15/2025","WM SUPERCENTER","Capital One","Quicksilver","Shopping","No","No","($52.18)"
"9/14/2025","GGLPAY CHICKFILA ROCHESTER MN","American Express - Amex Account - via Direct Web Access","Blue Cash Everyday","Fast Food & Convenience","No","No","($10.59)"
"9/13/2025","TESLA SUPERCHARGER US TESLA.COM CA","Discover Credit Card - via Direct Web Access","3549","Auto Service","No","No","($11.94)"
"9/13/2025","HOLIDAY STATIONS","Capital One","Quicksilver","Gas & Fuel","No","No","($6.99)"
"9/13/2025","TESLA SUPERCHARGER US TESLA.COM CA","Discover Credit Card - via Direct Web Access","3549","Auto Service","No","No","($5.41)"
"9/11/2025","GGLPAY CHICKFILA ROCHESTER MN","American Express - Amex Account - via Direct Web Access","Blue Cash Everyday","Fast Food & Convenience","No","No","($8.48)"
"9/11/2025","SAVERS ROCHESTER MN","Discover Credit Card - via Direct Web Access","3549","Groceries","No","No","($7.49)"
"9/10/2025","FID BKG SVC LLC MONEYLINE","Online Access - via Direct Web Access","Checking Account","Excluded","No","No","$800"
"9/10/2025","FID BKG SVC LLC MONEYLINE","Online Access - via Direct Web Access","Checking Account","Excluded","No","No","($10)"
"9/10/2025","SUBWAY ROCHESTER MN","Discover Credit Card - via Direct Web Access","3549","Fast Food & Convenience","No","No","($10.68)"
"9/10/2025","CHICKFILA MN","Discover Credit Card - via Direct Web Access","3549","Fast Food & Convenience","No","No","($23.22)"
"9/10/2025","MONEY LINE RECEIVED EFT FUNDS RECEIVED WEB","Fidelity Investments","Index Portfolio","Excluded","No","No","$10"
"9/10/2025","MONEY LINE RECEIVED EFT FUNDS RECEIVED WEB","Fidelity Investments","Yield Portfolio","Excluded","No","No","($800)"
"9/9/2025","FID BKG SVC LLC MONEYLINE","Online Access - via Direct Web Access","Checking Account","Excluded","No","No","($500)"
"9/9/2025","MONEY LINE RECEIVED EFT FUNDS RECEIVED WEB","Fidelity Investments","Growth Portfolio","Excluded","No","No","$500"
"9/8/2025","PURCHASESIG CASH APP BRANDON SAN FRANCISCO US","Online Access - via Direct Web Access","Checking Account","Excluded","No","No","$20"
"9/8/2025","PURCHASESIG CASH APP BRANDON SAN FRANCISCO US","Online Access - via Direct Web Access","Checking Account","Excluded","No","No","$69"
"9/7/2025","MCDONALDS ROCHESTER MN","Discover Credit Card - via Direct Web Access","3549","Fast Food & Convenience","No","No","($6.48)"
"9/5/2025","MCDONALDS ROCHESTER MN","Discover Credit Card - via Direct Web Access","3549","Fast Food & Convenience","No","No","($10.79)"
"9/4/2025","GOOGLE GOOGLE ONE CA","Discover Credit Card - via Direct Web Access","3549","Electronics & Software","No","No","($9.99)"
"9/3/2025","GGLPAY CHICKFILA ROCHESTER MN","American Express - Amex Account - via Direct Web Access","Blue Cash Everyday","Fast Food & Convenience","No","No","($10.59)"
"9/3/2025","FID BKG SVC LLC MONEYLINE","Online Access - via Direct Web Access","Checking Account","Excluded","No","No","($10)"
"9/3/2025","MONEY LINE RECEIVED EFT FUNDS RECEIVED WEB","Fidelity Investments","Index Portfolio","Excluded","No","No","$10"
"9/2/2025","PWP NYTIMES DIS PRIVACYCOM","Online Access - via Direct Web Access","Checking Account","Subscriptions","No","No","($4.03)"
"9/2/2025","PWP PATREON ME PRIVACYCOM","Online Access - via Direct Web Access","Checking Account","Business","No","No","($10.74)"
"9/2/2025","MCDONALDS ROCHESTER MN","Discover Credit Card - via Direct Web Access","3549","Fast Food & Convenience","No","No","($6.48)"
"9/2/2025","CUB FOODS INC","Capital One","Quicksilver","Groceries","No","No","($26.46)"
"9/2/2025","KWIK TRIP","Capital One","Quicksilver","Fast Food & Convenience","No","No","($0.99)"
"9/2/2025","KWIK TRIP","Capital One","Quicksilver","Fast Food & Convenience","No","No","($1.83)"
"9/1/2025","GOOGLE CLOUD XNZXN G.CO HELPPAY CA","Discover Credit Card - via Direct Web Access","3549","Electronics & Software","No","No","($39.63)"
"8/31/2025","MCDONALDS ROCHESTER MN","Discover Credit Card - via Direct Web Access","3549","Fast Food & Convenience","No","No","($6.12)"
"8/30/2025","GOOGLE FI","Capital One","Quicksilver","Phone, Internet & Cable","No","No","($111.56)"
"8/29/2025","LILSON HEALTH TE BILL.COM ETHAN GATES","Online Access - via Direct Web Access","Checking Account","Income","No","No","$2000"
"8/29/2025","VENMO PAYMENT","Online Access - via Direct Web Access","Checking Account","Excluded","No","No","($50)"
"8/28/2025","GGLPAY CHICKFILA ROCHESTER MN","American Express - Amex Account - via Direct Web Access","Blue Cash Everyday","Fast Food & Convenience","No","No","($10.59)"
"8/27/2025","GGLPAY CHICKFILA ROCHESTER MN","American Express - Amex Account - via Direct Web Access","Blue Cash Everyday","Fast Food & Convenience","No","No","($10.59)"
"8/27/2025","FID BKG SVC LLC MONEYLINE","Online Access - via Direct Web Access","Checking Account","Excluded","No","No","($10)"
"8/27/2025","MONEY LINE RECEIVED EFT FUNDS RECEIVED WEB","Fidelity Investments","Index Portfolio","Excluded","No","No","$10"
"8/26/2025","SANTANDER BILLPAY ETHAN GATES","Online Access - via Direct Web Access","Checking Account","Restaurants/Dining","No","No","($472.4)"
"8/26/2025","PURCHASESIG CASH APP BRANDON SAN FRANCISCO US","Online Access - via Direct Web Access","Checking Account","Excluded","No","No","$67"
"8/26/2025","FID BKG SVC LLC MONEYLINE","Online Access - via Direct Web Access","Checking Account","Excluded","No","No","($42)"
"8/26/2025","ETHAN GATES ETHAN GATES","Online Access - via Direct Web Access","Checking Account","Income","No","No","$720"
"8/26/2025","MN DEPT OF REVEN MN REV PAY","Ally","Savings Account","State Tax","No","No","($100)"
"8/25/2025","FID BKG SVC LLC MONEYLINE","Online Access - via Direct Web Access","Checking Account","Excluded","No","No","($500)"
"8/25/2025","CHICKFILA MN","Discover Credit Card - via Direct Web Access","3549","Fast Food & Convenience","No","No","($19.48)"
"8/25/2025","MONEY LINE RECEIVED EFT FUNDS RECEIVED WEB","Fidelity Investments","Growth Portfolio","Excluded","No","No","$500"
"8/25/2025","IRS USATAXPYMT","Ally","Savings Account","Federal Tax","No","No","($1250)"
"8/24/2025","MCDONALDS ROCHESTER MN","Discover Credit Card - via Direct Web Access","3549","Fast Food & Convenience","No","No","($6.12)"
"8/21/2025","CHICKFILA ROCHESTER MN","American Express - Amex Account - via Direct Web Access","Blue Cash Everyday","Fast Food & Convenience","No","No","($10.59)"
"8/21/2025","ALDI ROCHESTER MN","American Express - Amex Account - via Direct Web Access","Blue Cash Everyday","Groceries","No","No","($2.55)"
"8/20/2025","FID BKG SVC LLC MONEYLINE","Online Access - via Direct Web Access","Checking Account","Excluded","No","No","($10)"
"8/20/2025","TM J.I.D GOD DOESLOS ANGELES CA","American Express - Amex Account - via Direct Web Access","Blue Cash Everyday","Excluded","No","No","($130)"
"8/20/2025","SPOTHERO IL","Discover Credit Card - via Direct Web Access","3549","Parking","No","No","($5.36)"
"8/20/2025","TM J.I.D GOD DOESLOS ANGELES CA","American Express - Amex Account - via Direct Web Access","Blue Cash Everyday","Entertainment","No","No","($71.66)"
"8/20/2025","MONEY LINE RECEIVED EFT FUNDS RECEIVED WEB","Fidelity Investments","Index Portfolio","Excluded","No","No","$10"
"8/19/2025","GGLPAY CHICKFILA EAGAN MN","American Express - Amex Account - via Direct Web Access","Blue Cash Everyday","Fast Food & Convenience","No","No","($12.68)"
"8/19/2025","PHONE BILL","Online Access - via Direct Web Access","Checking Account","Phone, Internet & Cable","No","No","$60"
"8/18/2025","PAYPAL CYBER CH","American Express - Amex Account - via Direct Web Access","Blue Cash Everyday","Online Payment","No","No","($1.99)"
"8/18/2025","GGLPAY CHICKFILA ROCHESTER MN","American Express - Amex Account - via Direct Web Access","Blue Cash Everyday","Fast Food & Convenience","No","No","($14.21)"
"8/18/2025","PLANET FITNESS ROCHESTER MN","American Express - Amex Account - via Direct Web Access","Blue Cash Everyday","Gym","No","No","($10.81)"
"8/18/2025","CONSUMER DIR DEP ETHAN GATES","Online Access - via Direct Web Access","Checking Account","Income","No","No","$129.29"
"8/18/2025","NSF OD FEE CREDIT","Online Access - via Direct Web Access","Checking Account","Fees & Charges","No","No","$29"
"8/18/2025","SPOTHERO IL","Discover Credit Card - via Direct Web Access","3549","Parking","No","No","($6.99)"
"8/18/2025","INTEREST PAID","Ally","Savings Account","Interest Income","No","No","$7.03"
"8/16/2025","AMEX SEND ADD MONEY","American Express - Amex Account - via Direct Web Access","Blue Cash Everyday","Cash/ATM","No","No","($25)"
"8/16/2025","AMEX SEND ADD MONEY","American Express - Amex Account - via Direct Web Access","Blue Cash Everyday","Fast Food & Convenience","No","No","($5)"
"8/15/2025","LILSON HEALTH TE BILL.COM ETHAN GATES","Online Access - via Direct Web Access","Checking Account","Income","No","No","$2000"
"8/15/2025","CHICKFILA MN","Discover Credit Card - via Direct Web Access","3549","Fast Food & Convenience","No","No","($11.02)"
"8/14/2025","OVERDRAFT FEE PAID INSUFFICIENT FUNDS","Online Access - via Direct Web Access","Checking Account","Fees & Charges","No","No","($29)"
"8/14/2025","ETHAN GATES ETHAN GATES","Online Access - via Direct Web Access","Checking Account","Income","No","No","$400"
"8/13/2025","GGLPAY CUB FOODS ROCHESTER MN","American Express - Amex Account - via Direct Web Access","Blue Cash Everyday","Groceries","No","No","($23.74)"
"8/13/2025","FID BKG SVC LLC MONEYLINE","Online Access - via Direct Web Access","Checking Account","Excluded","No","No","($10)"
"8/13/2025","MONEY LINE RECEIVED EFT FUNDS RECEIVED WEB","Fidelity Investments","Index Portfolio","Excluded","No","No","$10"
"8/12/2025","FID BKG SVC LLC MONEYLINE","Online Access - via Direct Web Access","Checking Account","Excluded","No","No","$180"
"8/12/2025","MONEY LINE RECEIVED EFT FUNDS RECEIVED WEB","Fidelity Investments","Growth Portfolio","Excluded","No","No","($180)"
"8/11/2025","FID BKG SVC LLC MONEYLINE","Online Access - via Direct Web Access","Checking Account","Excluded","No","No","($500)"
"8/11/2025","MONEY LINE RECEIVED EFT FUNDS RECEIVED WEB","Fidelity Investments","Growth Portfolio","Excluded","No","No","$500"
"8/11/2025","CASHBACK BONUS REDEMPTION CRDT","Discover Credit Card - via Direct Web Access","3549","Income","No","No","$18.33"
"8/11/2025","KUM&GO LAMONI","Capital One","Quicksilver","Fast Food & Convenience","No","No","($3.52)"
"8/11/2025","ANKENY MINI","Capital One","Quicksilver","Fast Food & Convenience","No","No","($1.69)"
"8/11/2025","CULVERS OF ALTOONA","Capital One","Quicksilver","Fast Food & Convenience","No","No","($6.52)"
"8/10/2025","TESLA SUPERCHARGER US TESLA.COM CA","Discover Credit Card - via Direct Web Access","3549","Auto Service","No","No","($8.6)"
"8/10/2025","TESLA SUPERCHARGER US TESLA.COM CA","Discover Credit Card - via Direct Web Access","3549","Auto Service","No","No","($9.55)"
"8/10/2025","GOOGLE CLOUD G.CO HELPPAY CA","Discover Credit Card - via Direct Web Access","3549","Electronics & Software","No","No","($100)"
"8/10/2025","TESLA SUPERCHARGER US TESLA.COM CA","Discover Credit Card - via Direct Web Access","3549","Auto Service","No","No","($15.03)"
"8/10/2025","TESLA SUPERCHARGER US TESLA.COM CA","Discover Credit Card - via Direct Web Access","3549","Auto Service","No","No","($4.87)"
"8/10/2025","SUBWAY LAMONI IA","Discover Credit Card - via Direct Web Access","3549","Fast Food & Convenience","No","No","($12.03)"
"8/10/2025","TESLA SUPERCHARGER US TESLA.COM CA","Discover Credit Card - via Direct Web Access","3549","Auto Service","No","No","($8.28)"
"8/10/2025","TESLA SUPERCHARGER US TESLA.COM CA","Discover Credit Card - via Direct Web Access","3549","Auto Service","No","No","($9.33)"
"8/10/2025","TESLA SUPERCHARGER US TESLA.COM CA","Discover Credit Card - via Direct Web Access","3549","Auto Service","No","No","($4.8)"
"8/9/2025","CASEYS IA","American Express - Amex Account - via Direct Web Access","Blue Cash Everyday","Fast Food & Convenience","No","No","($4.19)"
"8/9/2025","HYVEE CHARITON","Capital One","Quicksilver","Groceries","No","No","($39.54)"
"8/6/2025","GGLPAY CASEYS IA","American Express - Amex Account - via Direct Web Access","Blue Cash Everyday","Fast Food & Convenience","No","No","($3.62)"
"8/6/2025","GGLPAY CHICKFILA ROCHESTER MN","American Express - Amex Account - via Direct Web Access","Blue Cash Everyday","Fast Food & Convenience","No","No","($8.91)"
"8/6/2025","PWP OPENROUTER PRIVACYCOM","Online Access - via Direct Web Access","Checking Account","Clothing","No","No","($10.8)"
"8/6/2025","FID BKG SVC LLC MONEYLINE","Online Access - via Direct Web Access","Checking Account","Excluded","No","No","($10)"
"8/6/2025","MONEY LINE RECEIVED EFT FUNDS RECEIVED WEB","Fidelity Investments","Index Portfolio","Excluded","No","No","$10"
"8/5/2025","PURCHASESIG CASH APP BRANDON SAN FRANCISCO US","Online Access - via Direct Web Access","Checking Account","Excluded","No","No","$84"
"8/5/2025","ETHAN GATES ETHAN GATES","Online Access - via Direct Web Access","Checking Account","Income","No","No","$500"
"8/4/2025","GGLPAY ALDI ROCHESTER MN","American Express - Amex Account - via Direct Web Access","Blue Cash Everyday","Groceries","No","No","($6.89)"
"8/4/2025","PWP NYTIMES DIS PRIVACYCOM","Online Access - via Direct Web Access","Checking Account","Subscriptions","No","No","($4.03)"
"8/4/2025","GOOGLE GOOGLE ONE CA","Discover Credit Card - via Direct Web Access","3549","Electronics & Software","No","No","($9.99)"
"8/4/2025","DIRECTPAY FULL BALANCE","Discover Credit Card - via Direct Web Access","3549","Excluded","No","No","$79.24"
"8/1/2025","LILSON HEALTH TE BILL.COM ETHAN GATES","Online Access - via Direct Web Access","Checking Account","Income","No","No","$1600"
"8/1/2025","MCDONALDS ROCHESTER MN","Discover Credit Card - via Direct Web Access","3549","Fast Food & Convenience","No","No","($3.75)"
"8/1/2025","GOOGLE CLOUD G.CO HELPPAY CA","Discover Credit Card - via Direct Web Access","3549","Electronics & Software","No","No","($6.94)"
"7/31/2025","AMEX SEND ADD MONEY","American Express - Amex Account - via Direct Web Access","Blue Cash Everyday","Restaurants/Dining","No","No","($10)"
"7/31/2025","CHICKFILA MN","Discover Credit Card - via Direct Web Access","3549","Fast Food & Convenience","No","No","($14.59)"
"7/30/2025","PURCHASESIG CASH APP BRANDON SAN FRANCISCO US","Online Access - via Direct Web Access","Checking Account","Excluded","No","No","$10"
"7/30/2025","FID BKG SVC LLC MONEYLINE","Online Access - via Direct Web Access","Checking Account","Excluded","No","No","($10)"
"7/30/2025","MONEY LINE RECEIVED EFT FUNDS RECEIVED WEB","Fidelity Investments","Index Portfolio","Excluded","No","No","$10"
"7/30/2025","PHONE BILL","Capital One","Quicksilver","Phone, Internet & Cable","No","No","($111.56)"
"7/29/2025","PAYPAL STEAM GAMES WA","American Express - Amex Account - via Direct Web Access","Blue Cash Everyday","Electronics & Software","No","No","($4.31)"
"7/29/2025","GGLPAY CHICKFILA ROCHESTER MN","American Express - Amex Account - via Direct Web Access","Blue Cash Everyday","Fast Food & Convenience","No","No","($11.02)"
"7/29/2025","VENMO CASHOUT","Online Access - via Direct Web Access","Checking Account","Excluded","No","No","$671.37"
"7/28/2025","SANTANDER BILLPAY ETHAN GATES","Online Access - via Direct Web Access","Checking Account","Restaurants/Dining","No","No","($472.4)"
"7/28/2025","FID BKG SVC LLC MONEYLINE","Online Access - via Direct Web Access","Checking Account","Excluded","No","No","($500)"
"7/28/2025","FID BKG SVC LLC MONEYLINE","Online Access - via Direct Web Access","Checking Account","Excluded","No","No","($42)"
"7/28/2025","MONEY LINE RECEIVED EFT FUNDS RECEIVED WEB","Fidelity Investments","Growth Portfolio","Excluded","No","No","$500"
"7/27/2025","GGLPAY CHICKFILA ROCHESTER MN","American Express - Amex Account - via Direct Web Access","Blue Cash Everyday","Fast Food & Convenience","No","No","($11.02)"
"7/27/2025","TESLA SUPERCHARGER US TESLA.COM CA","Discover Credit Card - via Direct Web Access","3549","Auto Service","No","No","($11.86)"
"7/26/2025","GGLPAY KWIK TRIP CHATFIELD MN","American Express - Amex Account - via Direct Web Access","Blue Cash Everyday","Fast Food & Convenience","No","No","($1.79)"
"7/25/2025","AMEX SEND ADD MONEY","American Express - Amex Account - via Direct Web Access","Blue Cash Everyday","Excluded","No","No","($222)"
"7/25/2025","GAMETIME TICKETS CA","Discover Credit Card - via Direct Web Access","3549","Concerts & Events","No","No","($690)"
"7/25/2025","GAMETIME TICKETS CA","Discover Credit Card - via Direct Web Access","3549","Excluded","No","No","($690)"
"7/25/2025","MN DEPT OF REVEN MN REV PAY","Ally","Savings Account","Excluded","No","No","($110)"
"7/24/2025","GGLPAY CUB FOODS ROCHESTER MN","American Express - Amex Account - via Direct Web Access","Blue Cash Everyday","Groceries","No","No","($26.59)"
"7/24/2025","GGLPAY CHICKFILA ROCHESTER MN","American Express - Amex Account - via Direct Web Access","Blue Cash Everyday","Fast Food & Convenience","No","No","($11.02)"
"7/24/2025","GGLPAY CUB FOODS ROCHESTER MN","American Express - Amex Account - via Direct Web Access","Blue Cash Everyday","Groceries","No","No","($30.92)"
"7/23/2025","FID BKG SVC LLC MONEYLINE","Online Access - via Direct Web Access","Checking Account","Excluded","No","No","($10)"
"7/23/2025","PWP ABC PLANET PRIVACYCOM","Online Access - via Direct Web Access","Checking Account","Gym","No","No","($10.81)"
"7/23/2025","MONEY LINE RECEIVED EFT FUNDS RECEIVED WEB","Fidelity Investments","Index Portfolio","Excluded","No","No","$10"
"7/21/2025","PAYPAL FRAGRANCENE NY","American Express - Amex Account - via Direct Web Access","Blue Cash Everyday","Shopping","No","No","($87.02)"
"7/21/2025","VENMO PAYMENT","Online Access - via Direct Web Access","Checking Account","Excluded","No","No","($18)"
"7/21/2025","PHONE BILL","Online Access - via Direct Web Access","Checking Account","Phone, Internet & Cable","No","No","$60"
"7/21/2025","VENMO PAYMENT","Online Access - via Direct Web Access","Checking Account","Excluded","No","No","($5)"
"7/21/2025","FAMOUSFOOTWEAR","Capital One","Quicksilver","Clothing","No","No","($102.98)"
"7/21/2025","MARSHALLS","Capital One","Quicksilver","Clothing","No","No","($113.95)"
"7/21/2025","BICYCLE SPORTS","Capital One","Quicksilver","Sports & Hobbies","No","No","($39.97)"
"7/21/2025","IRS USATAXPYMT FUTURE AMOUNT TRAN ACHDW","Ally","Savings Account","Excluded","No","No","($500)"
"7/18/2025","GGLPAY CHICKFILA ROCHESTER MN","American Express - Amex Account - via Direct Web Access","Blue Cash Everyday","Fast Food & Convenience","No","No","($11.02)"
"7/18/2025","INTEREST PAID","Ally","Savings Account","Interest Income","No","No","$3.31"
"7/17/2025","PAYPAL FORUMCOMMUN ND","American Express - Amex Account - via Direct Web Access","Blue Cash Everyday","Shopping","No","No","($2)"
"7/16/2025","GGLPAY CHICKFILA ROCHESTER MN","American Express - Amex Account - via Direct Web Access","Blue Cash Everyday","Fast Food & Convenience","No","No","($11.02)"
"7/16/2025","FID BKG SVC LLC MONEYLINE","Online Access - via Direct Web Access","Checking Account","Excluded","No","No","($10)"
"7/16/2025","MONEY LINE RECEIVED EFT FUNDS RECEIVED WEB","Fidelity Investments","Index Portfolio","Excluded","No","No","$10"
"7/15/2025","LILSON HEALTH TE BILL.COM ETHAN GATES","Online Access - via Direct Web Access","Checking Account","Income","No","No","$1600"
"7/14/2025","FID BKG SVC LLC MONEYLINE","Online Access - via Direct Web Access","Checking Account","Excluded","No","No","($500)"
"7/14/2025","MONEY LINE RECEIVED EFT FUNDS RECEIVED WEB","Fidelity Investments","Growth Portfolio","Excluded","No","No","$500"
"7/14/2025","CHICKFILA MN","Discover Credit Card - via Direct Web Access","3549","Fast Food & Convenience","No","No","($11.02)"
"7/13/2025","ANNUAL SCHEELS HE MA","Discover Credit Card - via Direct Web Access","3549","Sports & Hobbies","No","No","($48.7)"
"7/10/2025","CHICKFILA MN","Discover Credit Card - via Direct Web Access","3549","Fast Food & Convenience","No","No","($9.4)"
"7/10/2025","BERRY BLENDZ ROCHESTER","Capital One","Quicksilver","Fast Food & Convenience","No","No","($6.46)"
"7/9/2025","FID BKG SVC LLC MONEYLINE","Online Access - via Direct Web Access","Checking Account","Excluded","No","No","($10)"
"7/9/2025","MONEY LINE RECEIVED EFT FUNDS RECEIVED WEB","Fidelity Investments","Index Portfolio","Excluded","No","No","$10"
"7/7/2025","PWP NYTIMES DIS PRIVACYCOM","Online Access - via Direct Web Access","Checking Account","Subscriptions","No","No","($4.03)"
"7/7/2025","CHICKFILA MN","Discover Credit Card - via Direct Web Access","3549","Fast Food & Convenience","No","No","($2.8)"
"7/6/2025","MCDONALDS ROCHESTER MN","Discover Credit Card - via Direct Web Access","3549","Fast Food & Convenience","No","No","($3.75)"
"7/5/2025","DR MARY JOHNSON","Capital One","Quicksilver","Vision","No","No","($52.5)"
"7/4/2025","GGLPAY CHICKFILA ROCHESTER MN","American Express - Amex Account - via Direct Web Access","Blue Cash Everyday","Fast Food & Convenience","No","No","($15.07)"
"7/4/2025","GOOGLE GOOGLE ONE CA","Discover Credit Card - via Direct Web Access","3549","Electronics & Software","No","No","($9.99)"
"7/4/2025","DIRECTPAY FULL BALANCE","Discover Credit Card - via Direct Web Access","3549","Excluded","No","No","$34.68"
"7/4/2025","ZENNI OPTICAL INC CA","Discover Credit Card - via Direct Web Access","3549","Vision","No","No","($30.34)"
"7/2/2025","FID BKG SVC LLC MONEYLINE","Online Access - via Direct Web Access","Checking Account","Excluded","No","No","($10)"
"7/2/2025","ETHAN GATES ETHAN GATES","Online Access - via Direct Web Access","Checking Account","Income","No","No","$800"
"7/2/2025","LILSON HEALTH TE BILL.COM ETHAN GATES","Online Access - via Direct Web Access","Checking Account","Income","No","No","$3200"
"7/2/2025","MONEY LINE RECEIVED EFT FUNDS RECEIVED WEB","Fidelity Investments","Index Portfolio","Excluded","No","No","$10"
"7/1/2025","PWP PLANET PRIVACYCOM","Online Access - via Direct Web Access","Checking Account","Clothing","No","No","($41.62)"
"7/1/2025","GOOGLE CLOUD G.CO HELPPAY CA","Discover Credit Card - via Direct Web Access","3549","Electronics & Software","No","No","($2.56)"
"6/30/2025","FID BKG SVC LLC MONEYLINE","Online Access - via Direct Web Access","Checking Account","Excluded","No","No","($500)"
"6/30/2025","MONEY LINE RECEIVED EFT FUNDS RECEIVED WEB","Fidelity Investments","Growth Portfolio","Excluded","No","No","$500"
"6/30/2025","GOOGLE FI","Capital One","Quicksilver","Phone, Internet & Cable","No","No","($111.6)"
"6/30/2025","REQUESTED TRANSFER TO ALLY INVEST INVESTMENT ACCOUNT","Ally","Savings Account","Excluded","No","No","($800)"
"6/28/2025","ALDI","Capital One","Quicksilver","Groceries","No","No","($5.04)"
"6/27/2025","GGLPAY CHICKFILA ROCHESTER MN","American Express - Amex Account - via Direct Web Access","Blue Cash Everyday","Fast Food & Convenience","No","No","($6.91)"
"6/26/2025","GGLPAY CHICKFILA ROCHESTER MN","American Express - Amex Account - via Direct Web Access","Blue Cash Everyday","Fast Food & Convenience","No","No","($11.02)"
"6/26/2025","FID BKG SVC LLC MONEYLINE","Online Access - via Direct Web Access","Checking Account","Excluded","No","No","($42)"
"6/26/2025","SANTANDER BILLPAY ETHAN GATES","Online Access - via Direct Web Access","Checking Account","Restaurants/Dining","No","No","($472.4)"
"6/25/2025","FID BKG SVC LLC MONEYLINE","Online Access - via Direct Web Access","Checking Account","Excluded","No","No","($10)"
"6/25/2025","MONEY LINE RECEIVED EFT FUNDS RECEIVED WEB","Fidelity Investments","Index Portfolio","Excluded","No","No","$10"
"6/23/2025","ETHAN GATES ETHAN GATES","Online Access - via Direct Web Access","Checking Account","Income","No","No","$470"
"6/23/2025","CUB FOODS INC","Capital One","Quicksilver","Groceries","No","No","($31.78)"
"6/23/2025","BERRY BLENDZ ROCHESTER","Capital One","Quicksilver","Fast Food & Convenience","No","No","($12.92)"
"6/21/2025","CUB FOODS INC","Capital One","Quicksilver","Groceries","No","No","($13.24)"
"6/20/2025","PHONE BILL","Online Access - via Direct Web Access","Checking Account","Phone, Internet & Cable","No","No","$60"
"6/19/2025","GGLPAY CHICKFILA ROCHESTER MN","American Express - Amex Account - via Direct Web Access","Blue Cash Everyday","Fast Food & Convenience","No","No","($22.04)"
"6/18/2025","GGLPAY CHICKFILA ROCHESTER MN","American Express - Amex Account - via Direct Web Access","Blue Cash Everyday","Fast Food & Convenience","No","No","($22.19)"
"6/18/2025","FID BKG SVC LLC MONEYLINE","Online Access - via Direct Web Access","Checking Account","Excluded","No","No","($10)"
"6/18/2025","MONEY LINE RECEIVED EFT FUNDS RECEIVED WEB","Fidelity Investments","Index Portfolio","Excluded","No","No","$10"
"6/18/2025","INTEREST PAID","Ally","Savings Account","Interest Income","No","No","$1.37"
"6/17/2025","GGLPAY CHICKFILA ROCHESTER MN","American Express - Amex Account - via Direct Web Access","Blue Cash Everyday","Fast Food & Convenience","No","No","($3.08)"
"6/17/2025","ETHAN GATES ETHAN GATES","Online Access - via Direct Web Access","Checking Account","Income","No","No","$300"
"6/17/2025","FID BKG SVC LLC MONEYLINE","Online Access - via Direct Web Access","Checking Account","Excluded","No","No","$500"
"6/17/2025","MONEY LINE RECEIVED EFT FUNDS RECEIVED WEB","Fidelity Investments","Growth Portfolio","Excluded","No","No","($500)"
"6/16/2025","FID BKG SVC LLC MONEYLINE","Online Access - via Direct Web Access","Checking Account","Excluded","No","No","($500)"
"6/16/2025","MONEY LINE RECEIVED EFT FUNDS RECEIVED WEB","Fidelity Investments","Growth Portfolio","Excluded","No","No","$500"
"6/16/2025","MCDONALDS ROCHESTER MN","Discover Credit Card - via Direct Web Access","3549","Fast Food & Convenience","No","No","($3.75)"
"6/16/2025","MCDONALDS ROCHESTER MN","Discover Credit Card - via Direct Web Access","3549","Fast Food & Convenience","No","No","($5.5)"
"6/16/2025","SAVERS","Capital One","Quicksilver","Groceries","No","No","($3.52)"
"6/16/2025","SAVERS","Capital One","Quicksilver","Clothing","No","No","($72.8)"
"6/15/2025","MCDONALDS ROCHESTER MN","Discover Credit Card - via Direct Web Access","3549","Fast Food & Convenience","No","No","($6.01)"
"6/14/2025","MARSHALLS MN","American Express - Amex Account - via Direct Web Access","Blue Cash Everyday","Clothing","No","No","($24.99)"
"6/14/2025","MARSHALLS MN","American Express - Amex Account - via Direct Web Access","Blue Cash Everyday","Clothing","No","No","($36.97)"
"6/14/2025","MCDONALDS ROCHESTER MN","Discover Credit Card - via Direct Web Access","3549","Fast Food & Convenience","No","No","($5.5)"
"6/13/2025","PWP CHICKFILA PRIVACYCOM","Online Access - via Direct Web Access","Checking Account","Fast Food & Convenience","No","No","($21.66)"
"6/13/2025","MCDONALDS ROCHESTER MN","Discover Credit Card - via Direct Web Access","3549","Fast Food & Convenience","No","No","($5.29)"
"6/12/2025","KWIK TRIP ROCHESTER MN","American Express - Amex Account - via Direct Web Access","Blue Cash Everyday","Gas & Fuel","No","No","($11.21)"
"6/12/2025","TST PASQUALES MN","American Express - Amex Account - via Direct Web Access","Blue Cash Everyday","Restaurants/Dining","No","No","($4.27)"
"6/12/2025","KWIK TRIP","Capital One","Quicksilver","Fast Food & Convenience","No","No","($5.68)"
"6/11/2025","VENMO PAYMENT","Online Access - via Direct Web Access","Checking Account","Excluded","No","No","($13)"
"6/11/2025","FID BKG SVC LLC MONEYLINE","Online Access - via Direct Web Access","Checking Account","Excluded","No","No","($10)"
"6/11/2025","MONEY LINE RECEIVED EFT FUNDS RECEIVED WEB","Fidelity Investments","Index Portfolio","Excluded","No","No","$10"
"6/11/2025","MCDONALDS ROCHESTER MN","Discover Credit Card - via Direct Web Access","3549","Fast Food & Convenience","No","No","($3.75)"
"6/11/2025","CUB FOODS INC","Capital One","Quicksilver","Groceries","No","No","($14.02)"
"6/11/2025","KWIK TRIP","Capital One","Quicksilver","Fast Food & Convenience","No","No","($1.61)"
"6/10/2025","GGLPAY CHICKFILA ROCHESTER MN","American Express - Amex Account - via Direct Web Access","Blue Cash Everyday","Fast Food & Convenience","No","No","($3.62)"
"6/10/2025","WALMART SUPERCENTERROCHESTER MN","American Express - Amex Account - via Direct Web Access","Blue Cash Everyday","Shopping","No","No","($11.11)"
"6/10/2025","KWIK TRIP","Capital One","Quicksilver","Fast Food & Convenience","No","No","($3.4)"
"6/9/2025","PWP NYTIMES DIS PRIVACYCOM","Online Access - via Direct Web Access","Checking Account","Subscriptions","No","No","($4.03)"
"6/9/2025","SQ SNAPPYSTOP INTL IN","Capital One","Quicksilver","Fast Food & Convenience","No","No","($6.48)"
"6/8/2025","MCDONALDS ROCHESTER MN","Discover Credit Card - via Direct Web Access","3549","Fast Food & Convenience","No","No","($6.34)"
"6/6/2025","GGLPAY CHICKFILA ROCHESTER MN","American Express - Amex Account - via Direct Web Access","Blue Cash Everyday","Fast Food & Convenience","No","No","($5.68)"
"6/4/2025","GGLPAY CUB FOODS ROCHESTER MN","American Express - Amex Account - via Direct Web Access","Blue Cash Everyday","Groceries","No","No","($13.22)"
"6/4/2025","FID BKG SVC LLC MONEYLINE","Online Access - via Direct Web Access","Checking Account","Excluded","No","No","($10)"
"6/4/2025","MONEY LINE RECEIVED EFT FUNDS RECEIVED WEB","Fidelity Investments","Index Portfolio","Excluded","No","No","$10"
"6/4/2025","GOOGLE GOOGLE ONE CA","Discover Credit Card - via Direct Web Access","3549","Electronics & Software","No","No","($9.99)"
"6/4/2025","DIRECTPAY FULL BALANCE","Discover Credit Card - via Direct Web Access","3549","Excluded","No","No","$132.2"
"6/2/2025","PWP PATREON ME PRIVACYCOM","Online Access - via Direct Web Access","Checking Account","Business","No","No","($10.74)"
"6/2/2025","FID BKG SVC LLC MONEYLINE","Online Access - via Direct Web Access","Checking Account","Excluded","No","No","($800)"
"6/2/2025","MONEY LINE RECEIVED EFT FUNDS RECEIVED WEB","Fidelity Investments","Growth Portfolio","Excluded","No","No","$800"
"6/2/2025","HYVEE ROCHESTER","Capital One","Quicksilver","Groceries","No","No","($1.08)"
"6/1/2025","MCDONALDS ROCHESTER MN","Discover Credit Card - via Direct Web Access","3549","Fast Food & Convenience","No","No","($3.75)"
"6/1/2025","GOOGLE CLOUD GQRXW G.CO HELPPAY CA","Discover Credit Card - via Direct Web Access","3549","Electronics & Software","No","No","($2.59)"
"5/31/2025","GGLPAY CHICKFILA ROCHESTER MN","American Express - Amex Account - via Direct Web Access","Blue Cash Everyday","Fast Food & Convenience","No","No","($9.34)"
"5/30/2025","TAQUITOS","American Express - Amex Account - via Direct Web Access","Blue Cash Everyday","Food","No","No","($2.28)"
"5/30/2025","LILSON HEALTH TE BILL.COM ETHAN GATES","Online Access - via Direct Web Access","Checking Account","Income","No","No","$2064.52"
"5/30/2025","GOOGLE FI","Capital One","Quicksilver","Phone, Internet & Cable","No","No","($111.6)"
"5/29/2025","MONEY LINE RECEIVED EFT FUNDS RECEIVED WEB","Fidelity Investments","Growth Portfolio","Excluded","No","No","$200"
"5/29/2025","FID BKG SVC LLC MONEYLINE","Online Access - via Direct Web Access","Checking Account","Excluded","No","No","($200)"
"5/28/2025","MONEY LINE RECEIVED EFT FUNDS RECEIVED WEB","Fidelity Investments","Index Portfolio","Excluded","No","No","$10"
"5/28/2025","FID BKG SVC LLC MONEYLINE","Online Access - via Direct Web Access","Checking Account","Excluded","No","No","($10)"
"5/27/2025","CASH AUTO REDEMPTION","Capital One","Quicksilver","Auto Service","No","No","$25"
"5/27/2025","FID BKG SVC LLC MONEYLINE","Online Access - via Direct Web Access","Checking Account","Excluded","No","No","($42)"
"5/27/2025","SANTANDER BILLPAY ETHAN GATES","Online Access - via Direct Web Access","Checking Account","Auto & Transport","No","No","($472.4)"
"5/27/2025","LILSON HEALTH TE ACCTVERIFY ETHAN GATES","Online Access - via Direct Web Access","Checking Account","Medical","No","No","$0.01"
"5/26/2025","CULVERS OF ROCHESTER","Capital One","Quicksilver","Fast Food & Convenience","No","No","($10.9)"
"5/26/2025","CUB FOODS INC","Capital One","Quicksilver","Groceries","No","No","($11.98)"
"5/24/2025","GGLPAY CULVERS OF ROROCHESTER MN","American Express - Amex Account - via Direct Web Access","Blue Cash Everyday","Fast Food & Convenience","No","No","($7.56)"
"5/24/2025","TAQUITOS","American Express - Amex Account - via Direct Web Access","Blue Cash Everyday","Food","No","No","($0.79)"
"5/23/2025","GGLPAY RAILWAY SAN FRANCISCO CA","American Express - Amex Account - via Direct Web Access","Blue Cash Everyday","Subscriptions","No","No","($5)"
"5/23/2025","CONSUMER DIR DEP ETHAN GATES","Online Access - via Direct Web Access","Checking Account","Income","No","No","$600.98"
"5/22/2025","CUB FOODS INC","Capital One","Quicksilver","Groceries","No","No","($7.78)"
"5/21/2025","MONEY LINE RECEIVED EFT FUNDS RECEIVED WEB","Fidelity Investments","Index Portfolio","Excluded","No","No","$10"
"5/21/2025","FID BKG SVC LLC MONEYLINE","Online Access - via Direct Web Access","Checking Account","Excluded","No","No","($10)"
"5/19/2025","KWIK TRIP","Capital One","Quicksilver","Fast Food & Convenience","No","No","($1.49)"
"5/19/2025","KWIK TRIP","Capital One","Quicksilver","Fast Food & Convenience","No","No","($4.19)"
"5/19/2025","REQUESTED TRANSFER TO ALLY INVEST INVESTMENT ACCOUNT","Ally","Savings Account","Excluded","No","No","($50)"
"5/18/2025","MCDONALDS ROCHESTER MN","Discover Credit Card - via Direct Web Access","3549","Fast Food & Convenience","No","No","($3.62)"
"5/18/2025","INTEREST PAID","Ally","Savings Account","Interest Income","No","No","$0.79"
"5/17/2025","GGLPAY CHICKFILA ROCHESTER MN","American Express - Amex Account - via Direct Web Access","Blue Cash Everyday","Fast Food & Convenience","No","No","($6)"
"5/14/2025","MONEY LINE RECEIVED EFT FUNDS RECEIVED WEB","Fidelity Investments","Index Portfolio","Excluded","No","No","$10"
"5/14/2025","FID BKG SVC LLC MONEYLINE","Online Access - via Direct Web Access","Checking Account","Excluded","No","No","($10)"
"5/13/2025","KWIK TRIP","Capital One","Quicksilver","Fast Food & Convenience","No","No","($3.28)"
"5/12/2025","GGLPAY CHICKFILA BLOOMINGTON MN","American Express - Amex Account - via Direct Web Access","Blue Cash Everyday","Fast Food & Convenience","No","No","($10.95)"
"5/12/2025","TESLA SUPERCHARGER US TESLA.COM CA","Discover Credit Card - via Direct Web Access","3549","Auto Service","No","No","($4.77)"
"5/12/2025","PWP NYTIMES DIS PRIVACYCOM","Online Access - via Direct Web Access","Checking Account","Subscriptions","No","No","($4.03)"
"5/12/2025","CONSUMER DIR DEP ETHAN GATES","Online Access - via Direct Web Access","Checking Account","Income","No","No","$322.46"
"5/10/2025","MCDONALDS ROCHESTER MN","Discover Credit Card - via Direct Web Access","3549","Fast Food & Convenience","No","No","($3.62)"
"5/8/2025","VENMO PAYMENT","Online Access - via Direct Web Access","Checking Account","Excluded","No","No","($5)"
"5/7/2025","FID BKG SVC LLC MONEYLINE","Online Access - via Direct Web Access","Checking Account","Excluded","No","No","($10)"
"5/7/2025","MONEY LINE RECEIVED EFT FUNDS RECEIVED WEB","Fidelity Investments","Index Portfolio","Excluded","No","No","$10"
"5/7/2025","CUB FOODS INC","Capital One","Quicksilver","Groceries","No","No","($23.16)"
"5/4/2025","GOOGLE GOOGLE ONE CA","Discover Credit Card - via Direct Web Access","3549","Electronics & Software","No","No","($9.99)"
"5/4/2025","DIRECTPAY FULL BALANCE","Discover Credit Card - via Direct Web Access","3549","Excluded","No","No","$84.09"
"5/3/2025","TAQUITOS","American Express - Amex Account - via Direct Web Access","Blue Cash Everyday","Food","No","No","($1.79)"
"5/2/2025","MCDONALDS ROCHESTER MN","Discover Credit Card - via Direct Web Access","3549","Fast Food & Convenience","No","No","($5.77)"
"5/1/2025","GOOGLE CLOUD VNPVW G.CO HELPPAY CA","Discover Credit Card - via Direct Web Access","3549","Electronics & Software","No","No","($2.54)"
"4/30/2025","GGLPAY CHICKFILA ROCHESTER MN","American Express - Amex Account - via Direct Web Access","Blue Cash Everyday","Fast Food & Convenience","No","No","($7.41)"
"4/30/2025","TAQUITOS","American Express - Amex Account - via Direct Web Access","Blue Cash Everyday","Food","No","No","($2.99)"
"4/30/2025","GOOGLE FI","Capital One","Quicksilver","Phone, Internet & Cable","No","No","($114.6)"
"4/30/2025","MONEY LINE RECEIVED EFT FUNDS RECEIVED WEB","Fidelity Investments","Index Portfolio","Excluded","No","No","$10"
"4/30/2025","FID BKG SVC LLC MONEYLINE","Online Access - via Direct Web Access","Checking Account","Excluded","No","No","($10)"
"4/28/2025","CONSUMER DIR DEP ETHAN GATES","Online Access - via Direct Web Access","Checking Account","Income","No","No","$435.51"
"4/28/2025","FID BKG SVC LLC MONEYLINE","Online Access - via Direct Web Access","Checking Account","Excluded","No","No","($42)"
"4/28/2025","SANTANDER BILLPAY ETHAN GATES","Online Access - via Direct Web Access","Checking Account","Auto & Transport","No","No","($472.4)"
"4/27/2025","MCDONALDS ROCHESTER MN","Discover Credit Card - via Direct Web Access","3549","Fast Food & Convenience","No","No","($3.62)"
"4/25/2025","TAQUITOS","American Express - Amex Account - via Direct Web Access","Blue Cash Everyday","Food","No","No","($1.49)"
"4/23/2025","MONEY LINE RECEIVED EFT FUNDS RECEIVED WEB","Fidelity Investments","Index Portfolio","Excluded","No","No","$10"
"4/23/2025","FID BKG SVC LLC MONEYLINE","Online Access - via Direct Web Access","Checking Account","Excluded","No","No","($10)"
"4/23/2025","PURCHASESIG CASH APP BRANDON SAN FRANCISCO US","Online Access - via Direct Web Access","Checking Account","Excluded","No","No","$51"
"4/21/2025","VENMO PAYMENT","Online Access - via Direct Web Access","Checking Account","Excluded","No","No","($53.1)"
"4/21/2025","REQUESTED TRANSFER TO ALLY INVEST INVESTMENT ACCOUNT","Ally","Savings Account","Excluded","No","No","($50)"
"4/19/2025","GGLPAY KWIK TRIP ROCHESTER MN","American Express - Amex Account - via Direct Web Access","Blue Cash Everyday","Fast Food & Convenience","No","No","($6.35)"
"4/19/2025","GOOGLE NINJA KIWI CA","Discover Credit Card - via Direct Web Access","3549","Electronics & Software","No","No","($3.24)"
"4/18/2025","INTEREST PAID","Ally","Savings Account","Interest Income","No","No","$0.84"
"4/18/2025","PWP NAMECHEAP PRIVACYCOM","Online Access - via Direct Web Access","Checking Account","Fast Food & Convenience","No","No","($1.16)"
"4/17/2025","ABC PLANET FITNEROCHESTER MN","American Express - Amex Account - via Direct Web Access","Blue Cash Everyday","Gym","No","No","($10.81)"
"4/16/2025","MONEY LINE RECEIVED EFT FUNDS RECEIVED WEB","Fidelity Investments","Index Portfolio","Excluded","No","No","$10"
"4/16/2025","FID BKG SVC LLC MONEYLINE","Online Access - via Direct Web Access","Checking Account","Excluded","No","No","($10)"
"4/14/2025","PWP NYTIMES DIS PRIVACYCOM","Online Access - via Direct Web Access","Checking Account","Subscriptions","No","No","($4.03)"
"4/14/2025","CONSUMER DIR DEP ETHAN GATES","Online Access - via Direct Web Access","Checking Account","Income","No","No","$348.16"
"4/13/2025","TESLA SUBSCRIPTION US TESLA.COM CA","Discover Credit Card - via Direct Web Access","3549","Subscriptions","No","No","($107.04)"
"4/11/2025","GGLPAY CUB FOODS ROCHESTER MN","American Express - Amex Account - via Direct Web Access","Blue Cash Everyday","Groceries","No","No","($19.8)"
"4/11/2025","IRS TREAS TAX REF GATES ETHAN T","Online Access - via Direct Web Access","Checking Account","Tax Refund","No","No","$17"
"4/10/2025","MN DEPT OF REVEN MNSTTAXRFD GATES ETHAN T","Online Access - via Direct Web Access","Checking Account","Tax Refund","No","No","$333"
"4/9/2025","MONEY LINE RECEIVED EFT FUNDS RECEIVED WEB","Fidelity Investments","Index Portfolio","Excluded","No","No","$10"
"4/9/2025","PWP RAILWAY PRIVACYCOM","Online Access - via Direct Web Access","Checking Account","Clothing","No","No","($5)"
"4/9/2025","FID BKG SVC LLC MONEYLINE","Online Access - via Direct Web Access","Checking Account","Excluded","No","No","($10)"
"4/8/2025","DISCOVER CASH AWARD GATES ETHAN","Online Access - via Direct Web Access","Checking Account","Income","No","No","$8.99"
"4/8/2025","ETHAN GATES ETHAN GATES","Online Access - via Direct Web Access","Checking Account","Income","No","No","$100"
"4/8/2025","PURCHASESIG CASH APP BRANDON SAN FRANCISCO US","Online Access - via Direct Web Access","Checking Account","Excluded","No","No","$12"
"4/7/2025","YOUR CASH REWARD REFUND IS","American Express - Amex Account - via Direct Web Access","Blue Cash Everyday","Savings","No","No","$16.72"
"4/7/2025","MONEY LINE RECEIVED EFT FUNDS RECEIVED WEB","Fidelity Investments","Growth Portfolio","Excluded","No","No","$600"
"4/7/2025","FID BKG SVC LLC MONEYLINE","Online Access - via Direct Web Access","Checking Account","Excluded","No","No","($600)"
"4/7/2025","VENMO PAYMENT","Online Access - via Direct Web Access","Checking Account","Excluded","No","No","($1.65)"
"4/6/2025","PAYPAL MICROSOFT WA","American Express - Amex Account - via Direct Web Access","Blue Cash Everyday","Electronics & Software","No","No","($8.58)"
"4/6/2025","MCDONALDS ROCHESTER MN","Discover Credit Card - via Direct Web Access","3549","Fast Food & Convenience","No","No","($5.71)"
"4/5/2025","PAYPAL EBAY US CA","American Express - Amex Account - via Direct Web Access","Blue Cash Everyday","Shopping","No","No","($3.24)"
"4/5/2025","TAQUITOS","American Express - Amex Account - via Direct Web Access","Blue Cash Everyday","Food","No","No","($4.11)"
"4/5/2025","SAVERS ROCHESTER MN","Discover Credit Card - via Direct Web Access","3549","Groceries","No","No","($7.56)"
"4/5/2025","MCDONALDS ROCHESTER MN","Discover Credit Card - via Direct Web Access","3549","Fast Food & Convenience","No","No","($3.56)"
"4/5/2025","GESMN ROCH ST ROCHESTER MN","Discover Credit Card - via Direct Web Access","3549","Restaurants/Dining","No","No","($19.41)"
"4/4/2025","DIRECTPAY FULL BALANCE","Discover Credit Card - via Direct Web Access","3549","Excluded","No","No","$60.29"
"4/4/2025","GOOGLE GOOGLE ONE CA","Discover Credit Card - via Direct Web Access","3549","Electronics & Software","No","No","($9.99)"
"4/3/2025","GGLPAY KWIK TRIP ROCHESTER MN","American Express - Amex Account - via Direct Web Access","Blue Cash Everyday","Fast Food & Convenience","No","No","($5.77)"
"4/2/2025","MONEY LINE RECEIVED EFT FUNDS RECEIVED WEB","Fidelity Investments","Index Portfolio","Excluded","No","No","$10"
"4/2/2025","CONSUMER DIR DEP ETHAN GATES","Online Access - via Direct Web Access","Checking Account","Income","No","No","$110.82"
"4/2/2025","FID BKG SVC LLC MONEYLINE","Online Access - via Direct Web Access","Checking Account","Excluded","No","No","($10)"
"4/1/2025","PAYPAL EPIC GAMES NC","American Express - Amex Account - via Direct Web Access","Blue Cash Everyday","Online Payment","No","No","($9.45)"
"4/1/2025","GGLPAY CUB FOODS ROCHESTER MN","American Express - Amex Account - via Direct Web Access","Blue Cash Everyday","Groceries","No","No","($26.16)"
"4/1/2025","MCDONALDS ROCHESTER MN","Discover Credit Card - via Direct Web Access","3549","Fast Food & Convenience","No","No","($5.71)"
"4/1/2025","GOOGLE CLOUD G.CO HELPPAY CA","Discover Credit Card - via Direct Web Access","3549","Electronics & Software","No","No","($9.95)"
"4/1/2025","PWP NAMECHEAP PRIVACYCOM","Online Access - via Direct Web Access","Checking Account","Fast Food & Convenience","No","No","($1.17)"
"3/31/2025","GOOGLE FI","Capital One","Quicksilver","Phone, Internet & Cable","No","No","($114.52)"
"3/31/2025","CONSUMER DIR DEP ETHAN GATES","Online Access - via Direct Web Access","Checking Account","Income","No","No","$204.79"
"3/30/2025","TAQUITOS","American Express - Amex Account - via Direct Web Access","Blue Cash Everyday","Food","No","No","($1.49)"
"3/26/2025","MONEY LINE RECEIVED EFT FUNDS RECEIVED WEB","Fidelity Investments","Index Portfolio","Excluded","No","No","$10"
"3/26/2025","FID BKG SVC LLC MONEYLINE","Online Access - via Direct Web Access","Checking Account","Excluded","No","No","($42)"
"3/26/2025","SANTANDER CONSUM BILLPAY","Online Access - via Direct Web Access","Checking Account","Auto Payment","No","No","($472.4)"
"3/26/2025","FID BKG SVC LLC MONEYLINE","Online Access - via Direct Web Access","Checking Account","Excluded","No","No","($10)"
"3/24/2025","RAISING CANES","Capital One","Quicksilver","Fast Food & Convenience","No","No","($39.69)"
"3/23/2025","TAQUITOS","Discover Credit Card - via Direct Web Access","3549","Food","No","No","($3.99)"
"3/21/2025","GGLPAY BALDWIN PARKIROCHESTER MN","American Express - Amex Account - via Direct Web Access","Blue Cash Everyday","Parking","No","No","($3)"
"3/21/2025","CASEYS","Capital One","Quicksilver","Fast Food & Convenience","No","No","($3.99)"
"3/20/2025","TEAM MEMBERS TEAMMEMBER","Online Access - via Direct Web Access","Checking Account","Paycheck/Salary","No","No","$44.94"
"3/19/2025","MONEY LINE RECEIVED EFT FUNDS RECEIVED WEB","Fidelity Investments","Index Portfolio","Excluded","No","No","$10"
"3/19/2025","FID BKG SVC LLC MONEYLINE","Online Access - via Direct Web Access","Checking Account","Excluded","No","No","($10)"
"3/18/2025","MCDONALDS ROCHESTER MN","Discover Credit Card - via Direct Web Access","3549","Fast Food & Convenience","No","No","($3.56)"
"3/18/2025","INTEREST PAID","Ally","Savings Account","Interest Income","No","No","$0.84"
"3/18/2025","REQUESTED TRANSFER TO ALLY INVEST INVESTMENT ACCOUNT","Ally","Savings Account","Excluded","No","No","($50)"
"3/17/2025","ABC PLANET FITNEROCHESTER MN","American Express - Amex Account - via Direct Web Access","Blue Cash Everyday","Gym","No","No","($10.81)"
"3/17/2025","AMEX SEND ADD MONEY","American Express - Amex Account - via Direct Web Access","Blue Cash Everyday","Groceries","No","No","($28)"
"3/17/2025","CONSUMER DIR DEP ETHAN GATES","Online Access - via Direct Web Access","Checking Account","Income","No","No","$174.46"
"3/17/2025","CONSUMER DIR DEP ETHAN GATES","Online Access - via Direct Web Access","Checking Account","Income","No","No","$152.38"
"3/17/2025","PWP NYTIMES DIS PRIVACYCOM","Online Access - via Direct Web Access","Checking Account","Subscriptions","No","No","($4.03)"
"3/16/2025","TAQUITOS","American Express - Amex Account - via Direct Web Access","Blue Cash Everyday","Food","No","No","($4.7)"
"3/13/2025","CUB FOODS ROCHESTER MN","American Express - Amex Account - via Direct Web Access","Blue Cash Everyday","Groceries","No","No","($17.74)"
"3/13/2025","MCDONALDS ROCHESTER MN","Discover Credit Card - via Direct Web Access","3549","Fast Food & Convenience","No","No","($5.71)"
"3/12/2025","MONEY LINE RECEIVED EFT FUNDS RECEIVED WEB","Fidelity Investments","Index Portfolio","Excluded","No","No","$10"
"3/12/2025","FID BKG SVC LLC MONEYLINE","Online Access - via Direct Web Access","Checking Account","Excluded","No","No","($10)"
"3/10/2025","GGLPAY CUB FOODS ROCHESTER MN","American Express - Amex Account - via Direct Web Access","Blue Cash Everyday","Groceries","No","No","($6)"
"3/10/2025","MCDONALDS ROCHESTER MN","Discover Credit Card - via Direct Web Access","3549","Fast Food & Convenience","No","No","($8.94)"
"3/6/2025","GGLPAY CHICKFILA ROCHESTER MN","American Express - Amex Account - via Direct Web Access","Blue Cash Everyday","Fast Food & Convenience","No","No","($4.09)"
"3/6/2025","PAYPAL MICROSOFT WA","American Express - Amex Account - via Direct Web Access","Blue Cash Everyday","Electronics & Software","No","No","($8.58)"
"3/5/2025","MCDONALDS ROCHESTER MN","Discover Credit Card - via Direct Web Access","3549","Fast Food & Convenience","No","No","($1.83)"
"3/5/2025","ANTHROPIC CA","Discover Credit Card - via Direct Web Access","3549","Fast Food & Convenience","No","No","($5)"
"3/5/2025","MONEY LINE RECEIVED EFT FUNDS RECEIVED WEB","Fidelity Investments","Index Portfolio","Excluded","No","No","$10"
"3/5/2025","FID BKG SVC LLC MONEYLINE","Online Access - via Direct Web Access","Checking Account","Excluded","No","No","($10)"
"3/4/2025","GOOGLE GOOGLE ONE CA","Discover Credit Card - via Direct Web Access","3549","Electronics & Software","No","No","($9.99)"
"3/4/2025","DIRECTPAY FULL BALANCE","Discover Credit Card - via Direct Web Access","3549","Excluded","No","No","$143.76"
"3/3/2025","GOOGLE FI","Capital One","Quicksilver","Phone, Internet & Cable","No","No","($114.52)"
"3/3/2025","PURCHASESIG CASH APP BRANDON SAN FRANCISCO US","Online Access - via Direct Web Access","Checking Account","Excluded","No","No","$60"
"3/3/2025","CONSUMER DIR DEP ETHAN GATES","Online Access - via Direct Web Access","Checking Account","Income","No","No","$322.46"
"3/2/2025","OPENAI CA","Discover Credit Card - via Direct Web Access","3549","Personal Care","No","No","($10)"
"2/28/2025","VENMO PAYMENT","Online Access - via Direct Web Access","Checking Account","Excluded","No","No","($20)"
"2/27/2025","AMEX SEND ADD MONEY","American Express - Amex Account - via Direct Web Access","Blue Cash Everyday","Groceries","No","No","($60)"
"2/26/2025","CUB FOODS ROCHESTER MN","American Express - Amex Account - via Direct Web Access","Blue Cash Everyday","Groceries","No","No","($15.2)"
"2/26/2025","FID BKG SVC LLC MONEYLINE","Online Access - via Direct Web Access","Checking Account","Excluded","No","No","($42)"
"2/26/2025","FID BKG SVC LLC MONEYLINE","Online Access - via Direct Web Access","Checking Account","Excluded","No","No","($10)"
"2/26/2025","SANTANDER CONSUM BILLPAY","Online Access - via Direct Web Access","Checking Account","Auto Payment","No","No","($472.4)"
"2/25/2025","GGLPAY CHICKFILA ROCHESTER MN","American Express - Amex Account - via Direct Web Access","Blue Cash Everyday","Fast Food & Convenience","No","No","($18.36)"
"2/24/2025","AMEX SEND ADD MONEY","American Express - Amex Account - via Direct Web Access","Blue Cash Everyday","Shopping","No","No","($90)"
"2/24/2025","MCDONALDS ROCHESTER MN","Discover Credit Card - via Direct Web Access","3549","Fast Food & Convenience","No","No","($3.56)"
"2/24/2025","MCDONALDS ROCHESTER MN","Discover Credit Card - via Direct Web Access","3549","Fast Food & Convenience","No","No","($3.56)"
"2/23/2025","GGLPAY KWIK TRIP ROCHESTER MN","American Express - Amex Account - via Direct Web Access","Blue Cash Everyday","Fast Food & Convenience","No","No","($6.93)"
"2/22/2025","GGLPAY KWIK TRIP ROCHESTER MN","American Express - Amex Account - via Direct Web Access","Blue Cash Everyday","Fast Food & Convenience","No","No","($9.81)"
"2/22/2025","MCDONALDS ROCHESTER MN","Discover Credit Card - via Direct Web Access","3549","Fast Food & Convenience","No","No","($15.64)"
"2/22/2025","MCDONALDS ROCHESTER MN","Discover Credit Card - via Direct Web Access","3549","Fast Food & Convenience","No","No","($5.71)"
"2/20/2025","TAQUITOS","American Express - Amex Account - via Direct Web Access","Blue Cash Everyday","Food","No","No","($4.81)"
"2/19/2025","OPENAI CA","Discover Credit Card - via Direct Web Access","3549","Fast Food & Convenience","No","No","($5)"
"2/19/2025","MONEY LINE RECEIVED EFT FUNDS RECEIVED WEB","Fidelity Investments","Index Portfolio","Excluded","No","No","$10"
"2/19/2025","FID BKG SVC LLC MONEYLINE","Online Access - via Direct Web Access","Checking Account","Excluded","No","No","($10)"
"2/18/2025","AMEX SEND ADD MONEY","American Express - Amex Account - via Direct Web Access","Blue Cash Everyday","Groceries","No","No","($30)"
"2/18/2025","WESTERN GOVERNOR NBS REFUND ETHAN GATES","Online Access - via Direct Web Access","Checking Account","Income","No","No","$913"
"2/18/2025","PWP NYTIMES DIS PRIVACYCOM","Online Access - via Direct Web Access","Checking Account","Subscriptions","No","No","($4.03)"
"2/18/2025","INTEREST PAID","Ally","Savings Account","Interest Income","No","No","$1.12"
"2/18/2025","REQUESTED TRANSFER TO ALLY INVEST INVESTMENT ACCOUNT","Ally","Savings Account","Excluded","No","No","($50)"
"2/17/2025","ABC PLANET FITNEROCHESTER MN","American Express - Amex Account - via Direct Web Access","Blue Cash Everyday","Gym","No","No","($10.81)"
"2/14/2025","PURCHASESIG CASH APP BRANDON SAN FRANCISCO US","Online Access - via Direct Web Access","Checking Account","Excluded","No","No","$30.5"
"2/14/2025","CONSUMER DIR DEP ETHAN GATES","Online Access - via Direct Web Access","Checking Account","Income","No","No","$357.4"
"2/13/2025","TAQUITOS","American Express - Amex Account - via Direct Web Access","Blue Cash Everyday","Food","No","No","($4.17)"
"2/12/2025","PAYPAL VISTAPRINT MA","American Express - Amex Account - via Direct Web Access","Blue Cash Everyday","Shopping","No","No","($34.38)"
"2/12/2025","MONEY LINE RECEIVED EFT FUNDS RECEIVED WEB","Fidelity Investments","Index Portfolio","Excluded","No","No","$10"
"2/12/2025","FID BKG SVC LLC MONEYLINE","Online Access - via Direct Web Access","Checking Account","Excluded","No","No","($10)"
"2/9/2025","TAQUITOS","American Express - Amex Account - via Direct Web Access","Blue Cash Everyday","Food","No","No","($4.81)"
"2/6/2025","MN MC NORTHEAST PHARROCHESTER MN","American Express - Amex Account - via Direct Web Access","Blue Cash Everyday","Pharmacy","No","No","($20)"
"2/5/2025","PAYPAL MICROSOFT WA","American Express - Amex Account - via Direct Web Access","Blue Cash Everyday","Electronics & Software","No","No","($8.58)"
"2/5/2025","CUB FOODS ROCHESTER MN","American Express - Amex Account - via Direct Web Access","Blue Cash Everyday","Groceries","No","No","($8.4)"
"2/5/2025","MONEY LINE RECEIVED EFT FUNDS RECEIVED WEB","Fidelity Investments","Index Portfolio","Excluded","No","No","$10"
"2/5/2025","FID BKG SVC LLC MONEYLINE","Online Access - via Direct Web Access","Checking Account","Excluded","No","No","($10)"
"2/4/2025","GGLPAY CHICKFILA ROCHESTER MN","American Express - Amex Account - via Direct Web Access","Blue Cash Everyday","Fast Food & Convenience","No","No","($7.02)"
"2/4/2025","DIRECTPAY FULL BALANCE","Discover Credit Card - via Direct Web Access","3549","Excluded","No","No","$181.89"
"2/3/2025","KWIK TRIP ROCHESTER MN","American Express - Amex Account - via Direct Web Access","Blue Cash Everyday","Gas & Fuel","No","No","($8.71)"
"2/3/2025","KWIK TRIP ROCHESTER MN","American Express - Amex Account - via Direct Web Access","Blue Cash Everyday","Gas & Fuel","No","No","($5.95)"
"2/3/2025","CONSUMER DIR DEP ETHAN GATES","Online Access - via Direct Web Access","Checking Account","Income","No","No","$166.23"
"2/3/2025","CONSUMER DIR DEP ETHAN GATES","Online Access - via Direct Web Access","Checking Account","Income","No","No","$156.99"
"2/1/2025","MCDONALDS ROCHESTER MN","Discover Credit Card - via Direct Web Access","3549","Fast Food & Convenience","No","No","($9.4)"
"2/1/2025","EBAY O SAN JOSE CA","Discover Credit Card - via Direct Web Access","3549","Shopping","No","No","($19.31)"
"1/31/2025","MCDONALDS ROCHESTER MN","Discover Credit Card - via Direct Web Access","3549","Fast Food & Convenience","No","No","($3.24)"
"1/31/2025","MONEY LINE RECEIVED EFT FUNDS RECEIVED WEB","Fidelity Investments","YOLO Portfolio","Excluded","No","No","($400)"
"1/31/2025","FID BKG SVC LLC MONEYLINE","Online Access - via Direct Web Access","Checking Account","Excluded","No","No","$400"
"1/30/2025","BALDWIN PARKING MN","American Express - Amex Account - via Direct Web Access","Blue Cash Everyday","Parking","No","No","($4)"
"1/30/2025","MCDONALDS ALEXANDRIA MN","Discover Credit Card - via Direct Web Access","3549","Fast Food & Convenience","No","No","($5.14)"
"1/30/2025","MCDONALDS ROCHESTER MN","Discover Credit Card - via Direct Web Access","3549","Fast Food & Convenience","No","No","($3.56)"
"1/30/2025","GOOGLE FI","Capital One","Quicksilver","Phone, Internet & Cable","No","No","($114.52)"
"1/29/2025","MONEY LINE RECEIVED EFT FUNDS RECEIVED WEB","Fidelity Investments","Index Portfolio","Excluded","No","No","$10"
"1/29/2025","FID BKG SVC LLC MONEYLINE","Online Access - via Direct Web Access","Checking Account","Excluded","No","No","($10)"
"1/28/2025","SANTANDER CONSUM BILLPAY","Online Access - via Direct Web Access","Checking Account","Auto Payment","No","No","($472.4)"
"1/27/2025","FID BKG SVC LLC MONEYLINE","Online Access - via Direct Web Access","Checking Account","Excluded","No","No","($42)"
"1/23/2025","GGLPAY CASEYS ALEXANDRIA MN","American Express - Amex Account - via Direct Web Access","Blue Cash Everyday","Fast Food & Convenience","No","No","($12.22)"
"1/23/2025","MCDONALDS ZUMBROTA MN","Discover Credit Card - via Direct Web Access","3549","Fast Food & Convenience","No","No","($9.01)"
"1/22/2025","MCDONALDS ROCHESTER MN","Discover Credit Card - via Direct Web Access","3549","Fast Food & Convenience","No","No","($3.56)"
"1/22/2025","GRAHAM PARKING ROCHESTER MN","American Express - Amex Account - via Direct Web Access","Blue Cash Everyday","Parking","No","No","($2)"
"1/22/2025","MONEY LINE RECEIVED EFT FUNDS RECEIVED WEB","Fidelity Investments","Index Portfolio","Excluded","No","No","$10"
"1/22/2025","FID BKG SVC LLC MONEYLINE","Online Access - via Direct Web Access","Checking Account","Excluded","No","No","($10)"
"1/22/2025","PWP NYTIMES DIS PRIVACYCOM","Online Access - via Direct Web Access","Checking Account","Subscriptions","No","No","($4.03)"
"1/21/2025","ARBYS ROCHESTER MN","American Express - Amex Account - via Direct Web Access","Blue Cash Everyday","Fast Food & Convenience","No","No","($2.7)"
"1/21/2025","PAYPAL BURGER KING MN","American Express - Amex Account - via Direct Web Access","Blue Cash Everyday","Fast Food & Convenience","No","No","($5.41)"
"1/21/2025","MARSHALLS MN","American Express - Amex Account - via Direct Web Access","Blue Cash Everyday","Clothing","No","No","($39.98)"
"1/21/2025","PWP PATREON ME PRIVACYCOM","Online Access - via Direct Web Access","Checking Account","Business","No","No","($2.15)"
"1/21/2025","REQUESTED TRANSFER TO ALLY INVEST INVESTMENT ACCOUNT","Ally","Savings Account","Excluded","No","No","($50)"
"1/20/2025","MCDONALDS ROCHESTER MN","Discover Credit Card - via Direct Web Access","3549","Fast Food & Convenience","No","No","($3.56)"
"1/20/2025","TAQUITOS","American Express - Amex Account - via Direct Web Access","Blue Cash Everyday","Food","No","No","($3.32)"
"1/19/2025","PAYPAL BURGER KING MN","American Express - Amex Account - via Direct Web Access","Blue Cash Everyday","Fast Food & Convenience","No","No","($5.41)"
"1/19/2025","TAQUITOS","American Express - Amex Account - via Direct Web Access","Blue Cash Everyday","Food","No","No","($4.45)"
"1/19/2025","MCDONALDS ROCHESTER MN","Discover Credit Card - via Direct Web Access","3549","Fast Food & Convenience","No","No","($5.4)"
"1/18/2025","INTEREST PAID","Ally","Savings Account","Interest Income","No","No","$1.27"
"1/17/2025","FITNEROCHESTER MN","American Express - Amex Account - via Direct Web Access","Blue Cash Everyday","Gym","No","No","($10.81)"
"1/17/2025","WCA COMPETITION FEE MN","Discover Credit Card - via Direct Web Access","3549","Fees & Charges","No","No","($30)"
"1/17/2025","MCDONALDS ROCHESTER MN","Discover Credit Card - via Direct Web Access","3549","Fast Food & Convenience","No","No","($3.24)"
"1/17/2025","CONSUMER DIR DEP ETHAN GATES","Online Access - via Direct Web Access","Checking Account","Income","No","No","$252.58"
"1/17/2025","CONSUMER DIR DEP ETHAN GATES","Online Access - via Direct Web Access","Checking Account","Income","No","No","$183.7"
"1/16/2025","MCDONALDS ROCHESTER MN","Discover Credit Card - via Direct Web Access","3549","Fast Food & Convenience","No","No","($5.84)"
"1/15/2025","KWIK TRIP ROCHESTER MN","American Express - Amex Account - via Direct Web Access","Blue Cash Everyday","Gas & Fuel","No","No","($6.64)"
"1/15/2025","MCDONALDS ROCHESTER MN","Discover Credit Card - via Direct Web Access","3549","Fast Food & Convenience","No","No","($3.56)"
"1/15/2025","MONEY LINE RECEIVED EFT FUNDS RECEIVED WEB","Fidelity Investments","Index Portfolio","Excluded","No","No","$10"
"1/15/2025","FID BKG SVC LLC MONEYLINE","Online Access - via Direct Web Access","Checking Account","Excluded","No","No","($10)"
"1/14/2025","TAQUITOS","Discover Credit Card - via Direct Web Access","3549","Food","No","No","($3.32)"
"1/14/2025","VENMO CASHOUT","Online Access - via Direct Web Access","Checking Account","Excluded","No","No","$12"
"1/13/2025","GGLPAY KWIK TRIP ROCHESTER MN","American Express - Amex Account - via Direct Web Access","Blue Cash Everyday","Fast Food & Convenience","No","No","($5.15)"
"1/13/2025","MCDONALDS ROCHESTER MN","Discover Credit Card - via Direct Web Access","3549","Fast Food & Convenience","No","No","($3.56)"
"1/12/2025","MCDONALDS ROCHESTER MN","Discover Credit Card - via Direct Web Access","3549","Fast Food & Convenience","No","No","($5.4)"
"1/12/2025","MCDONALDS ROCHESTER MN","Discover Credit Card - via Direct Web Access","3549","Fast Food & Convenience","No","No","($5.84)"
"1/11/2025","MCDONALDS ROCHESTER MN","Discover Credit Card - via Direct Web Access","3549","Fast Food & Convenience","No","No","($9.4)"
"1/10/2025","MCDONALDS ROCHESTER MN","Discover Credit Card - via Direct Web Access","3549","Fast Food & Convenience","No","No","($5.71)"
"1/10/2025","MCDONALDS ROCHESTER MN","Discover Credit Card - via Direct Web Access","3549","Fast Food & Convenience","No","No","($5.71)"
"1/8/2025","BREV.DEV CA","Discover Credit Card - via Direct Web Access","3549","Restaurants/Dining","No","No","($20)"
"1/8/2025","MONEY LINE RECEIVED EFT FUNDS RECEIVED WEB","Fidelity Investments","Index Portfolio","Excluded","No","No","$10"
"1/8/2025","PWP OPENAI PRIVACYCOM","Online Access - via Direct Web Access","Checking Account","Personal Care","No","No","($5)"
"1/8/2025","FID BKG SVC LLC MONEYLINE","Online Access - via Direct Web Access","Checking Account","Excluded","No","No","($10)"
"1/7/2025","MCDONALDS ROCHESTER MN","Discover Credit Card - via Direct Web Access","3549","Fast Food & Convenience","No","No","($3.24)"
"1/6/2025","GGLPAY KWIK TRIP ROCHESTER MN","American Express - Amex Account - via Direct Web Access","Blue Cash Everyday","Fast Food & Convenience","No","No","($6.49)"
"1/6/2025","PAYPAL MICROSOFT WA","American Express - Amex Account - via Direct Web Access","Blue Cash Everyday","Electronics & Software","No","No","($8.58)"
"1/6/2025","MCDONALDS ROCHESTER MN","Discover Credit Card - via Direct Web Access","3549","Fast Food & Convenience","No","No","($3.56)"
"1/6/2025","CULVERS MN","Discover Credit Card - via Direct Web Access","3549","Fast Food & Convenience","No","No","($12.86)"
"1/6/2025","MCDONALDS ROCHESTER MN","Discover Credit Card - via Direct Web Access","3549","Fast Food & Convenience","No","No","($9.4)"
"1/6/2025","WALMART STORE ROCHESTER MN","Discover Credit Card - via Direct Web Access","3549","Shopping","No","No","($11.69)"
"1/6/2025","CONSUMER DIR DEP ETHAN GATES","Online Access - via Direct Web Access","Checking Account","Income","No","No","$422.66"
"1/5/2025","CASEYS ORONCO MN","Discover Credit Card - via Direct Web Access","3549","Fast Food & Convenience","No","No","($6)"
"1/5/2025","MCDONALDS ROCHESTER MN","Discover Credit Card - via Direct Web Access","3549","Fast Food & Convenience","No","No","($3.56)"
"1/4/2025","GOOGLE CLOUD GCOHELPPAY C","American Express - Amex Account - via Direct Web Access","Blue Cash Everyday","Electronics & Software","No","No","($10)"
"1/4/2025","PAYPAL EBAY US CA","American Express - Amex Account - via Direct Web Access","Blue Cash Everyday","Shopping","No","No","($12.26)"
"1/4/2025","PAYPAL THRIFTBOOKS WA","American Express - Amex Account - via Direct Web Access","Blue Cash Everyday","Books","No","No","($46.66)"
"1/4/2025","MCDONALDS ROCHESTER MN","Discover Credit Card - via Direct Web Access","3549","Fast Food & Convenience","No","No","($5.41)"
"1/4/2025","KWIK TRIP ROCHESTER MN","Discover Credit Card - via Direct Web Access","3549","Gas & Fuel","No","No","($6.49)"
"1/4/2025","DIRECTPAY FULL BALANCE","Discover Credit Card - via Direct Web Access","3549","Excluded","No","No","$41.57"
"1/3/2025","MCDONALDS ROCHESTER MN","Discover Credit Card - via Direct Web Access","3549","Fast Food & Convenience","No","No","($5.84)"
"1/2/2025","MCDONALDS ROCHESTER MN","Discover Credit Card - via Direct Web Access","3549","Fast Food & Convenience","No","No","($5.72)"
"1/2/2025","MCDONALDS ROCHESTER MN","Discover Credit Card - via Direct Web Access","3549","Fast Food & Convenience","No","No","($9.4)"
"1/2/2025","MONEY LINE RECEIVED EFT FUNDS RECEIVED WEB","Fidelity Investments","Index Portfolio","Excluded","No","No","$10"
"1/2/2025","FID BKG SVC LLC MONEYLINE","Online Access - via Direct Web Access","Checking Account","Excluded","No","No","($10)"
"1/1/2025","MCDONALDS ROCHESTER MN","Discover Credit Card - via Direct Web Access","3549","Fast Food & Convenience","No","No","($5.84)"
"1/1/2025","FITNEROCHESTER MN","American Express - Amex Account - via Direct Web Access","Blue Cash Everyday","Gym","No","No","($42.17)"